<?xml version="1.0" encoding="UTF-8" standalone="yes"?>
<addon id="plugin.video.katsomo" name="Katsomo" version="0.9" provider-name="pasiz">
  <requires>
    <import addon="xbmc.python" version="2.0"/>
    <import addon="script.module.xbmcswift2" version="1.1.1"/>
    <import addon="script.module.parsedom" version="0.9.1"/>
  </requires>
  <extension point="xbmc.python.pluginsource" library="addon.py">
    <provides>video</provides>
  </extension>
  <extension point="xbmc.addon.metadata">
    <platform>all</platform>
    <language>fi</language>
    <summary>Katsomo plugin</summary>
    <description>Plugin for viewing content in www.katsomo.fi (finnish tv channels MTV3, Sub, AVA)</description>
  </extension>
</addon>
